Name,Phone Number,Email,Relationship
Ab Gourley,248-513-9890,agourleypu@mac.com,FX
Abagail De Lisle,193-288-4235,adek4@archive.org,Vandura 1500
Abbe Dyter,855-175-8149,adyter3f@apple.com,300SE
Abelard Farriar,332-151-8164,afarriarbi@japanpost.jp,Suburban 2500
Abie Pym,885-405-7514,apymi2@blogs.com,SRX
Abner Ferraro,710-561-2813,aferraroq6@guardian.co.uk,GranTurismo
Adamo Boone,127-718-6131,aboone8r@yelp.com,Aspen
Addison Rangall,363-694-1770,arangall31@ucoz.com,Sunfire
Adolf Korpal,109-603-3987,akorpalk7@istockphoto.com,S-Class
Adore Gisbey,389-545-8470,agisbeybe@msu.edu,Insight
Adore Nazair,260-845-6255,anazairlu@dailymotion.com,RX
Adrian Paler,677-405-9720,apaler42@ustream.tv,Ranger
Aguste McLucky,762-340-4646,amclucky9l@elegantthemes.com,S80
Ailee Lyddiard,601-246-2646,alyddiardjo@so-net.ne.jp,NV3500
Aili Cutler,873-514-0646,acutlerjl@phpbb.com,Discovery
Aindrea Hamnet,531-569-0704,ahamnete7@1und1.de,Eclipse
Aindrea Westney,702-845-0898,awestneyjd@nymag.com,F450
Aksel Scott,548-936-7817,ascott6t@twitpic.com,745
Alanson Rowntree,375-836-4020,arowntreend@merriam-webster.com,Rodeo
Alaster Lapham,457-671-3372,alapham47@ocn.ne.jp,Sentra
Alberik Titford,683-560-3331,atitfordad@lulu.com,Soul
Albertine Colcutt,244-927-7981,acolcutt9t@uol.com.br,Yukon
Albina Trighton,165-363-7769,atrightonm7@nba.com,Eclipse
Aldrich Comberbeach,441-676-0516,acomberbeachew@yellowpages.com,IS-F
Alecia Oslar,928-145-4410,aoslarij@slate.com,Town & Country
Alena Stallon,460-496-0263,astallonej@wikispaces.com,X6 M
Alessandra Scarth,821-237-2367,ascarth95@ameblo.jp,Ranger
Alexandre Wheeler,694-572-8650,awheelerh4@vk.com,XL-7
Alexia Van Hesteren,827-670-9116,avandl@chron.com,Tacoma
Alford Simonin,911-332-4416,asimoninkf@springer.com,Cayenne
Alic Barnwall,445-298-6201,abarnwall9e@marketwatch.com,Tracer
Aline Mebs,315-229-2308,amebs38@engadget.com,LR2
Alis Laxe,282-558-8070,alaxe6z@istockphoto.com,Eos
Alister Wraight,517-795-1515,awraight28@indiatimes.com,Caravan
Allys Blanc,605-253-2181,ablancl8@godaddy.com,Envoy
Almira Gherardelli,470-492-5524,agherardellie3@youku.com,Countach
Alphard Flegg,321-799-7994,afleggnm@geocities.jp,Firebird
Alyce Dukes,127-417-1599,adukesj4@reference.com,911
Alyss Pether,336-467-8202,apetherj@tumblr.com,200SX
Alyssa Dumpleton,466-581-0877,adumpletonbg@addthis.com,Grand Caravan
Ambur Ferrelli,262-403-0416,aferrellicu@chron.com,Ascender
Ameline Sinnett,956-359-5340,asinnettqu@mapy.cz,D250
Amerigo Leguey,939-882-2433,alegueyqc@trellian.com,300CE
Anabella Norkett,852-974-3850,anorkettlq@is.gd,Forester
Anastasie Cham,977-313-7477,achampx@mail.ru,GTO
Andree Adriaan,522-116-9335,aadriaan82@cornell.edu,RAV4
Andrej Suttling,885-147-0987,asuttlingau@vistaprint.com,Excursion
Andriette Garratty,453-183-7437,agarratty60@census.gov,E-Class
Anestassia McKiddin,999-826-8905,amckiddin12@csmonitor.com,tC
Anett Bettanay,750-399-7650,abettanayg1@opensource.org,Cobalt SS
Angeli Prendergast,625-444-9068,aprendergaste6@goo.gl,Eclipse
Angie Jugging,608-506-8204,ajugging7v@gravatar.com,G-Series G20
Ania Avramovich,391-388-1487,aavramovichow@is.gd,Safari
Anjela Hansford,241-955-7120,ahansfordm5@google.co.jp,5000S
Ann-marie Velde,499-521-2482,aveldelp@hc360.com,Grand Prix
Anna-diane Lipsett,795-254-8080,alipsettlg@cdbaby.com,Boxster
Annabal Jowsey,925-798-4639,ajowseyo8@virginia.edu,S-Type
Annabal McGourty,532-259-6561,amcgourtyic@ox.ac.uk,Frontier
Annadiane McMurthy,489-267-2090,amcmurthydu@tuttocitta.it,Ascender
Annadiane Sangra,166-127-5435,asangran@umich.edu,FR-S
Annamaria Elizabeth,335-610-1274,aelizabethhk@facebook.com,Suburban 1500
Anne Faughnan,242-881-3186,afaughnanni@state.gov,Tercel
Anneliese Houndsom,530-474-0744,ahoundsom8z@howstuffworks.com,New Beetle
Annnora Scarth,359-471-1344,ascarthjc@scientificamerican.com,Viper RT/10
Anthe Lusgdin,979-344-4336,alusgdingh@cbslocal.com,L300
Anthiathia Drogan,197-567-0701,adroganli@businessinsider.com,Rodeo
Antin Farbrace,466-194-2398,afarbracepp@fda.gov,Swift
Antin Hambrook,251-922-6329,ahambrook3j@illinois.edu,VUE
Antonino Avory,649-738-6136,aavorymf@opera.com,Ram 3500
Archy Schlagh,429-989-5204,aschlagh25@cnn.com,RX-7
Ardis Dunnett,549-920-5334,adunnett2p@artisteer.com,Xterra
Ardith Sizeland,156-998-7746,asizelandin@paginegialle.it,S80
Arlan Shulver,623-477-7437,ashulver9v@geocities.com,B-Series
Arlee Woodwing,763-178-3482,awoodwingpc@adobe.com,G-Class
Arlene O'Sheilds,579-592-4088,aosheilds8c@fda.gov,968
Arly Doge,786-692-3623,adoge2u@youtu.be,Explorer
Arnoldo Hawtin,890-776-6412,ahawtinlx@tinyurl.com,Grand Caravan
Artie Pizzie,382-115-1832,apizziej9@example.com,Probe
Arturo Cassel,494-810-6457,acasselhb@livejournal.com,Viper
Asher Crummay,442-240-6654,acrummay86@usda.gov,Sedona
Aubrie Farmery,990-863-0156,afarmery14@plala.or.jp,Cutlass Supreme
Audrie Hughes,925-362-9941,ahughes3v@t-online.de,C-Class
August Peckett,443-301-3211,apeckett4c@sun.com,Town Car
Augusta Ell,341-704-7981,aell8a@adobe.com,300SD
Augustina Ardy,742-973-9745,aardydj@census.gov,Monte Carlo
Augusto Pincott,821-962-3341,apincottl6@gizmodo.com,A6
Aura Hansmann,641-616-9578,ahansmannkv@google.de,Magnum
Aurilia Linton,315-820-3937,alinton53@berkeley.edu,Safari
Aurore Sheeres,915-706-9869,asheeresm2@hc360.com,Fleetwood
Austine Ballsdon,141-382-6193,aballsdoncr@indiegogo.com,Mazda6
Averill Jagielski,544-744-1651,ajagielski6h@lulu.com,8 Series
Avis Cumesky,554-940-8311,acumesky1w@irs.gov,D150
Babette Duferie,599-305-1757,bduferied3@nature.com,Monaco
Bamby McCotter,256-556-2483,bmccotterd0@webmd.com,S-Class
Barbaraanne Francklin,879-409-2318,bfrancklinil@netscape.com,Spyder
Barbette Dewbury,309-187-6324,bdewbury4s@arstechnica.com,Quest
Barbra Whellams,575-322-0357,bwhellamsoe@artisteer.com,Intrepid
Barnard Gedge,946-730-7047,bgedgejr@reverbnation.com,Yukon XL 2500
Barnebas Brugmann,187-259-5697,bbrugmannno@bravesites.com,3000GT
Barney Randle,975-830-7099,brandlebv@wiley.com,Charger
Barri Flageul,979-153-0593,bflageul2s@dagondesign.com,Taurus
Bartel Vido,466-283-9164,bvido6e@meetup.com,Galant
Bartolemo Deackes,835-359-2541,bdeackes1r@baidu.com,Land Cruiser
Bartolomeo Onge,442-864-2506,bonge8q@meetup.com,S-Type
Bary Rikard,959-897-4881,brikardlt@technorati.com,4000
Bastian Kibbe,983-833-2451,bkibbeqo@com.com,Cooper
Bat Sheran,788-760-6655,bsherank9@furl.net,i-290
Batholomew Stambridge,931-310-6099,bstambridgecf@intel.com,LX
Batsheva Kruszelnicki,286-301-1730,bkruszelnickib5@twitter.com,Navigator L
Bea Habron,422-380-0676,bhabronci@google.de,V70
Beatriz McCarrison,293-346-8669,bmccarrison7b@nyu.edu,Silverado
Bebe Alsop,896-706-9751,balsop4g@ebay.co.uk,X3
Belinda Slocom,785-960-0572,bslocomo9@chron.com,Suburban 2500
Bengt Hayfield,401-556-7983,bhayfieldmt@hexun.com,S80
Beniamino Petchey,334-392-3026,bpetchey67@tamu.edu,Focus
Benjie Biscomb,972-517-0804,bbiscombrg@mit.edu,Ridgeline
Benjie Silveston,407-827-3900,bsilvestonmp@google.es,Navigator
Benn Doman,337-803-5246,bdomanrb@shareasale.com,Park Avenue
Benny Sleath,676-865-7290,bsleathqe@cbc.ca,3 Series
Bent Mundy,379-251-3501,bmundyi8@theatlantic.com,Caliber
Berget Dudin,647-869-8812,bdudin9z@vk.com,9000
Berna Flindall,822-494-8257,bflindall9k@webeden.co.uk,LTD Crown Victoria
Bernhard Garford,587-695-4105,bgarford9m@instagram.com,Passat
Bert Clowney,212-981-3034,bclowney5b@tinypic.com,80
Bette Everleigh,379-617-5329,beverleighmg@freewebs.com,Ram 1500 Club
Bevan Drewery,265-827-7697,bdrewerydw@va.gov,Celica
Bibbye Farlamb,947-107-2928,bfarlambda@vkontakte.ru,7 Series
Bidget Wrightham,237-222-5158,bwrighthamc1@yolasite.com,6 Series
Binni Legen,657-471-4035,blegen43@uiuc.edu,LeMans
Birdie Malmar,504-392-8752,bmalmar65@google.es,Grand Caravan
Bjorn Itzchaky,551-473-5640,bitzchakyde@google.co.uk,XJ
Bjorn Sterke,535-499-2849,bsterkec0@theatlantic.com,X3
Blayne MacKimm,730-998-1343,bmackimmmo@bbb.org,Escort
Bobbette Ladson,577-218-8522,bladsonoi@elegantthemes.com,Sportvan G20
Bobbye Penhaleurack,194-412-5533,bpenhaleurack6l@ovh.net,D150 Club
Bondy Allum,727-170-4284,ballumrn@mozilla.org,3500
Bonnie Carreck,793-965-6950,bcarreckb3@nsw.gov.au,Savana 2500
Boone Taplow,231-872-8391,btaplow8k@ucla.edu,A8
Boycey Roman,279-192-1259,bromanix@reverbnation.com,Sentra
Boyd Brachell,689-594-7400,bbrachell5m@netlog.com,MR2
Bradney Dumingo,355-377-5382,bdumingogo@topsy.com,Envoy
Brenden Andrew,921-930-9788,bandrewkj@moonfruit.com,Tempo
Brennan Jacqueme,477-926-1388,bjacquemeit@squarespace.com,Thunderbird
Brietta Aitken,225-430-6887,baitkenjs@walmart.com,Ram 3500
Brinn Lillo,483-956-5565,blillogg@bravesites.com,RX
Brnaba Bristoe,890-313-4429,bbristoe1h@hud.gov,Swift
Brnaby Uzzell,106-800-6439,buzzellbp@bloomberg.com,H1
Brooke Moffett,845-922-2569,bmoffettjp@washington.edu,QX
Brucie Hurn,205-465-5773,bhurnhd@dedecms.com,RAV4
Bruno Jubb,192-293-8989,bjubbq9@blog.com,Golf
Bryce Topping,334-969-2580,btopping9j@bloglines.com,PT Cruiser
Bud Cunio,677-945-4397,bcunioqr@java.com,Cavalier
Burr Stollard,658-282-5565,bstollardp6@bloglines.com,Accent
Burt Soan,815-863-4624,bsoanmq@unicef.org,Veyron
Byran Oldfield-Cherry,873-397-5168,boldfieldcherry51@senate.gov,CR-V
Cal Lovett,497-995-7109,clovettt@latimes.com,Cavalier
Cal Stuehmeier,316-425-7445,cstuehmeierdf@google.es,Corolla
Care Fredy,101-932-5739,cfredyd5@elegantthemes.com,Sierra 3500
Caren Bartomeu,825-215-3785,cbartomeuqx@t.co,Land Cruiser
Carena MacFaell,466-606-4886,cmacfaell6q@furl.net,200
Caressa Laite,561-724-8458,claitemd@shop-pro.jp,Camaro
Carlen Lucy,566-749-5139,clucyfk@qq.com,Miata MX-5
Carleton Pellatt,430-315-2916,cpellatt17@xinhuanet.com,H2 SUV
Carljiod,dlkajfagbaoi,kljasogibvea,kvnbla
Carlos,9393,@gmal,me
Carolyn Ellwood,388-753-4489,cellwoodn4@ed.gov,57
Carolynn Boseley,520-315-6584,cboseleyah@typepad.com,Ipsum
Case Deighan,728-766-4480,cdeighano1@princeton.edu,911
Cassaundra Wellings,142-663-5369,cwellings7w@naver.com,Corolla
Cassey MacPhee,548-842-6825,cmacpheepm@cnbc.com,xA
Cassey Thornborrow,200-964-8915,cthornborrow79@icio.us,1500 Club Coupe
Cate Cosford,303-164-9038,ccosforded@nature.com,Grand Voyager
Catherine Casswell,300-637-3504,ccasswelli7@census.gov,Mustang
Catina Bladge,585-958-6030,cbladge2j@ycombinator.com,3000GT
Cedric Choake,841-237-0282,cchoakejh@census.gov,Passat
Ceil Helbeck,716-844-3369,chelbeckd2@prweb.com,SLK-Class
Celestia Pawels,468-451-3522,cpawelslm@paginegialle.it,Villager
Celestyna Cleevely,609-272-4743,ccleevelyfm@live.com,Explorer Sport
Celestyna Gillhespy,130-946-9066,cgillhespyd7@china.com.cn,Taurus
Celle Bernaldez,912-961-4788,cbernaldezcc@infoseek.co.jp,Grand Marquis
Cesaro Ciobotaro,650-416-0665,cciobotarokr@hugedomains.com,Sportage
Charil Leversuch,320-142-6539,cleversuch9d@nifty.com,Edge
Charles Grief,698-472-4942,cgrief9r@china.com.cn,S4
Chelsy Scranney,171-816-1482,cscranneylv@mit.edu,Prizm
Cherey Shanks,970-411-1648,cshanks8n@ask.com,Protege
Cherida Orts,554-388-8517,cortsn2@gov.uk,V8
Cherin Pancoust,379-170-3574,cpancoust8t@chronoengine.com,Passat
Cheryl Ciobotaru,235-795-4882,cciobotaruol@livejournal.com,Discovery
Cheston Bertelmot,373-901-9106,cbertelmotqf@cbsnews.com,Torrent
Chiarra McDuff,183-794-3230,cmcduffm3@statcounter.com,Vandura 1500
Chico Studde,317-940-2774,cstuddeoz@yellowpages.com,Elise
Chiquia Dacks,873-920-6806,cdacksl1@microsoft.com,Mustang
Christen Heskin,386-866-4883,cheskinet@uol.com.br,Econoline E150
Chrisy McRae,630-168-5700,cmcraerm@boston.com,Thunderbird
Claiborne Lillee,960-621-7730,clilleeml@blogspot.com,Aztek
Clareta Peizer,816-770-8169,cpeizerg8@freewebs.com,Storm
Clarine Chalcroft,503-109-5501,cchalcroft4l@netscape.com,XC70
Claudelle Chawner,113-775-7585,cchawnerhl@nyu.edu,Cooper
Clemence Leithgoe,880-888-0737,cleithgoe91@indiegogo.com,Passat
Clementius Houson,260-621-0385,chousonp5@reuters.com,Chariot
Clemmie Beri,971-463-3089,cberi93@spotify.com,Ram 1500
Clim Mellanby,132-849-8148,cmellanbyc4@cnn.com,Century
Clive Plum,553-187-9773,cplumnl@google.es,Equinox
Cob Seater,212-746-9816,cseaternv@slate.com,Continental Mark VII
Collette Cristofvao,457-431-5022,ccristofvaone@webmd.com,430 Scuderia
Consalve Deetch,527-633-3177,cdeetch4u@hugedomains.com,MPV
Constanta Kaming,462-562-5579,ckaming56@surveymonkey.com,Express 3500
Cora Revance,988-251-7348,crevanceia@youku.com,Cobalt
Corabelle Stirley,515-246-5481,cstirleydt@hc360.com,Catera
Cordelia Marfe,471-472-1782,cmarfefc@quantcast.com,Sierra
Cordelie Harwick,210-411-9406,charwicke@cisco.com,Typ-1
Corena Tullot,210-472-7784,ctullotrd@mtv.com,Fiero
Corene Sokell,522-352-6749,csokell5h@craigslist.org,Probe
Corney Arrundale,548-392-2004,carrundale1t@hc360.com,Aerostar
Corny Welden,222-178-9441,cweldenb9@freewebs.com,Fairlane
Corri Kirsop,544-298-3188,ckirsopr3@usnews.com,6 Series
Corrie Bourdis,152-162-3949,cbourdis3g@ucoz.com,E-Class
Corty Nalder,186-445-1234,cnalder9s@google.co.uk,Metro
Cosetta Coonihan,299-441-1798,ccoonihank@unblog.fr,Durango
Cosetta Darlison,586-853-5621,cdarlisoneh@exblog.jp,G35
Cosimo Cristou,970-943-2375,ccristouaz@cdc.gov,Supra
Cosimo Vellden,694-682-3321,cvelldenf2@kickstarter.com,Continental
Cris Featherstonhaugh,673-117-5205,cfeatherstonhaughhv@omniture.com,Camry
Cristi Moisey,723-785-1429,cmoisey76@angelfire.com,Club Wagon
Cristine Kurth,877-543-1372,ckurth3@shinystat.com,Taurus
Crosby Chetwynd,938-642-5335,cchetwynd1d@pcworld.com,Safari
Cthrine Sherland,754-768-7215,csherlandef@ted.com,Dakota
Cullie Couser,574-234-8241,ccouserf8@gnu.org,Eldorado
Cullie Luttgert,104-584-0996,cluttgert4h@delicious.com,Avalanche
Culver Corris,610-284-9909,ccorrisp1@google.com.au,Ram Van B150
Curtice Ingleby,483-813-0380,cinglebyjy@sakura.ne.jp,Camaro
Cybil Oganesian,404-377-9824,coganesianc8@techcrunch.com,Canyon
Cyndy Stanway,419-791-3064,cstanway4r@twitter.com,SLK-Class
Cynthia Anfrey,472-307-3319,canfreyqn@wunderground.com,Grand Cherokee
Cynthia Bisset,755-574-2058,cbisset3c@seattletimes.com,Sonata
Dacy Prott,987-699-7815,dprottqg@nasa.gov,DeVille
Dahlia Pipet,208-491-9854,dpipet62@chicagotribune.com,Pajero
Dallas Bevans,193-587-6515,dbevans4y@gnu.org,Hearse
Damaris Hardan,566-776-6858,dhardanr0@desdev.cn,Quest
Darcie Laxston,440-795-6171,dlaxston2y@gravatar.com,Ranger
Darell Kobes,615-405-2475,dkobes9n@time.com,3500
Darice Cawthorn,356-963-2066,dcawthornjt@epa.gov,GS
Darnell Golt,892-308-2649,dgolt5i@yale.edu,Armada
Daven Bremen,582-278-5335,dbremenf5@hao123.com,Camaro
Davie Bartoshevich,772-382-0670,dbartoshevich9q@canalblog.com,Patriot
Davin Saunderson,517-449-4817,dsaundersonb6@discovery.com,Impreza
Deanna Fynn,596-288-8681,dfynnpn@dell.com,Sable
Delaney Clerc,352-420-0757,dclerc66@smh.com.au,Ram
Delly Sebring,333-560-1813,dsebringke@last.fm,RX-7
Delmar Sturdey,785-116-5653,dsturdeybt@edublogs.org,LS
Delphinia Amy,336-310-5673,damy94@sina.com.cn,S-Series
Dena Halpeine,826-178-7528,dhalpeineex@bing.com,Leganza
Denver Soper,379-513-2298,dsoperen@tinypic.com,Elantra
Denver Varrow,684-451-1307,dvarrow16@1688.com,EXP
Devin Lyons,757-548-0623,dlyonsqj@homestead.com,3500
Devland Pusey,281-140-9767,dpuseybu@pcworld.com,Highlander
Devonne McFaul,166-678-3398,dmcfaulh3@vinaora.com,Allante
Devy McPaik,377-626-3189,dmcpaikg4@economist.com,V50
Dillon Rouby,975-465-6150,droubyfp@state.tx.us,Truck
Dionysus Elks,328-553-4833,delksqw@si.edu,Liberty
Doloritas Bardnam,588-954-7311,dbardnamq1@army.mil,Astro
Doloritas Lichfield,532-252-8518,dlichfield8j@elpais.com,Camry Solara
Dominique Forward,495-553-3972,dforward21@tripod.com,924 S
Don Hellmer,165-700-0027,dhellmerg7@sina.com.cn,E-Class
Donn Latchmore,728-923-7820,dlatchmorek3@sphinn.com,Crossfire Roadster
Doralin Scotson,715-212-6914,dscotsong0@newyorker.com,Cherokee
Doralynne Forrester,468-357-4779,dforrestereg@odnoklassniki.ru,Monte Carlo
Doralynne Mulvihill,129-790-9035,dmulvihilll5@google.cn,Swift
Dorelia MacClancey,700-685-7146,dmacclanceyck@lycos.com,Camaro
Dorelle Gissop,653-559-0378,dgissopd8@sourceforge.net,7 Series
Dorisa Froud,486-705-7997,dfroudp7@ocn.ne.jp,RS 4
Dorothee Caven,624-401-4723,dcavenoo@mayoclinic.com,Silverado 3500
Dorothy Silberschatz,784-387-4796,dsilberschatzm0@t-online.de,G
Dougy Vedyaev,522-354-6452,dvedyaevf1@bbc.co.uk,Bonneville
Drona Wiersma,978-616-1492,dwiersmaj5@senate.gov,Vandura G3500
Dukey Whitlam,831-803-5023,dwhitlami5@newsvine.com,Taurus
Dulcie Cloughton,781-893-4077,dcloughton6w@nhs.uk,Aerostar
Dulcine Nehls,869-188-5655,dnehlse4@storify.com,Bonneville
Dyan McRill,500-790-3642,dmcrilli9@ucsd.edu,Element
Dyanna Oxherd,377-747-6549,doxherdge@engadget.com,Diablo
Eamon MacTague,979-467-0052,emactagueoj@indiatimes.com,LeSabre
Ebenezer Celes,336-149-4827,ecelesm1@chicagotribune.com,Malibu
Ebenezer Maypole,724-102-4580,emaypole55@360.cn,Altima
Edgar Boutcher,704-585-8492,eboutchergc@telegraph.co.uk,S-Series
Edgar Dran,390-337-1866,edran5z@sphinn.com,QX
Edith Gyles,597-818-1780,egyles90@mapquest.com,CX-7
Edward Corton,250-381-9568,ecortonk8@ucla.edu,RL
Elayne Blood,503-402-3272,ebloodi0@cbsnews.com,Monte Carlo
Eleonora Tixall,199-135-3880,etixallnp@google.nl,5-Sep
Elfie Drei,884-161-7563,edreics@vimeo.com,Firebird
Elisabet Venn,146-276-0362,evennp3@slideshare.net,H3T
Ellissa Carnock,922-803-5237,ecarnockba@mediafire.com,Odyssey
Elna Sincock,735-526-0409,esincockii@archive.org,Lanos
Else Ditch,283-562-5875,editchal@geocities.com,Avalon
Elsi Hamblin,169-997-3416,ehamblin19@bluehost.com,M-Class
Elsie Colquite,145-741-0909,ecolquitei3@apache.org,ES
Elsinore Kebbell,225-751-0259,ekebbell85@alexa.com,CT
Emmalynn Boak,663-133-9620,eboak71@yellowpages.com,Q7
Emmit Bertwistle,422-880-2982,ebertwistlepe@is.gd,Avenger
Emmy Stockow,318-273-1986,estockowo4@spiegel.de,Tracker
Enid Kenney,753-516-5720,ekenneyov@soundcloud.com,A5
Enriqueta Gorusso,881-432-5002,egorusso8w@free.fr,Corvette
Erhard Casburn,767-368-7536,ecasburn6y@vkontakte.ru,Montero Sport
Erminia Rimington,371-226-1919,erimington6a@usa.gov,SC
Ernesto Renehan,189-330-6704,erenehaneu@intel.com,Catera
Ernst Ramsdell,294-954-2248,eramsdellb@ihg.com,Cordia
Ertha Rands,351-144-0230,erandsky@163.com,Ram 1500 Club
Erv Hedditch,173-847-5339,ehedditch7p@devhub.com,Tempo
Ervin Gernier,415-502-3823,egernier1y@cyberchimps.com,Grand Prix
Esmeralda Mathet,524-369-3663,emathetmv@woothemes.com,Avalon
Essy Petherick,161-237-8894,epetherickre@fc2.com,940
Estevan Baggalley,334-460-9138,ebaggalleyro@mapy.cz,Mustang
Ethelda Izaks,690-576-8246,eizakskq@answers.com,Patriot
Ethelind Donan,600-416-2597,edonanh9@sciencedirect.com,Corsica
Ethelind Dunn,287-231-9260,edunnbz@biglobe.ne.jp,Firefly
Etienne Beadell,746-283-8399,ebeadellh6@furl.net,Alpina B7
Etta Olorenshaw,549-374-5215,eolorenshawc6@ibm.com,Suburban 1500
Etty MacArthur,150-762-0684,emacarthur4f@hostgator.com,Amigo
Eugine Dain,334-273-0716,edainca@digg.com,Laser
Evan Radbone,810-107-9485,eradbone1o@thetimes.co.uk,Avalanche 1500
Evangelia Runnacles,336-993-0900,erunnaclescm@twitpic.com,Beetle
Everett Bazek,926-929-6708,ebazek3r@printfriendly.com,Taurus
Ezekiel Whyteman,355-941-0968,ewhytemanez@gravatar.com,Spectra
Fairfax Beardwood,139-124-6668,fbeardwood6p@oakley.com,Firebird
Fania Abbott,302-361-7280,fabbottap@theguardian.com,Mustang
Fannie Beves,718-955-7094,fbeves30@networksolutions.com,Navigator
Fanya Walshaw,259-598-4867,fwalshawid@indiatimes.com,LeMans
Farrand Tibb,326-409-2780,ftibbms@ovh.net,xA
Faun Bohike,886-591-8950,fbohikep0@xinhuanet.com,4Runner
Faunie Kevern,372-473-5179,fkevern72@1und1.de,XK Series
Faustine Northedge,981-605-5270,fnorthedge97@vinaora.com,Town Car
Fawn Flury,413-920-3125,fflurypl@google.com.hk,T100
Fawne Boots,623-616-8125,fbootsdz@soundcloud.com,Sebring
Ferrel Inglis,856-113-1607,finglis4m@usgs.gov,Marauder
Fidel Trail,816-856-7220,ftrail1n@hao123.com,Allroad
Fielding Foxcroft,515-488-7965,ffoxcroft8f@joomla.org,Sierra Hybrid
Fields Firidolfi,514-207-0661,ffiridolfioc@sina.com.cn,Caravan
Fleur Kobpac,567-669-8041,fkobpac5v@miitbeian.gov.cn,Bonneville
Florida Linnane,898-521-7323,flinnanev@google.com.hk,Vibe
Flossy Baser,156-748-5840,fbaser57@examiner.com,Quest
Forrester Klimkowski,808-419-9730,fklimkowskig3@nature.com,Highlander
Forrester Pengelly,311-473-0527,fpengellyha@go.com,911
Francesca Savege,679-297-6278,fsavege2@globo.com,LeSabre
Francklyn Ordidge,919-814-1634,fordidge8s@behance.net,9000
Frans Sides,915-662-3077,fsideskg@hugedomains.com,New Beetle
Frants Mechi,674-530-4467,fmechi5s@hibu.com,Silverado 3500
Franz Hunnicutt,454-521-8804,fhunnicutt27@army.mil,Sierra 2500
Frayda Govier,468-531-9408,fgovierlh@wp.com,Safari
Fred Moulsdall,857-630-7452,fmoulsdall5a@webeden.co.uk,Suburban 2500
Freda Arnecke,950-849-4241,farnecker7@wp.com,Sidekick
Freddy Dodsley,806-856-6927,fdodsleyng@shinystat.com,PT Cruiser
Frederico Wann,951-461-8664,fwannnc@wiley.com,Pajero
Frederique Capelle,376-480-1777,fcapellez@shinystat.com,X6
Fredia Leftwich,347-162-6769,fleftwichmx@yandex.ru,Sprinter
Gabbi Voase,132-239-2983,gvoase3k@lulu.com,5-Sep
Gabbie Foort,999-682-8518,gfoort4d@ehow.com,FJ Cruiser
Gail Debnam,539-711-8104,gdebnam48@blogspot.com,A3
Galvin Barbrook,756-186-3631,gbarbrookhu@homestead.com,SL-Class
Ganny Udie,374-654-8751,gudie9w@shareasale.com,Rabbit
Gardiner Fury,754-741-7368,gfury4k@msu.edu,Boxster
Gare Duinbleton,773-498-9067,gduinbleton9o@angelfire.com,F350
Garik Crosse,565-203-6570,gcrossens@europa.eu,Outlander
Garik Skingley,448-736-0796,gskingleyld@netscape.com,Tucson
Garnette Meugens,365-958-9967,gmeugensei@accuweather.com,Continental
Garwood Eagar,254-931-7101,geagarl3@sun.com,Venture
Gasparo Zanicchelli,279-648-4832,gzanicchellilk@newyorker.com,SRX
Gauthier Conley,523-191-7275,gconleyr9@gnu.org,Neon
Gaven Arsey,263-912-7318,garseya5@auda.org.au,Diamante
Gaven Dyers,378-562-9341,gdyersir@blinklist.com,Virage
Gay Averall,935-973-1819,gaverallao@bloomberg.com,Familia
Gayle McMeekin,583-722-0573,gmcmeekin4b@tinyurl.com,D150 Club
Gayleen Conn,401-629-1964,gconnd4@nhs.uk,CC
Gayler Stiegar,421-318-9398,gstiegard1@goo.gl,Liberty
Gearalt Brose,378-717-2159,gbrosefh@ocn.ne.jp,Ram 3500
Gelya Leftly,939-385-8824,gleftly1i@vistaprint.com,3 Series
Georgetta Shaefer,361-385-1656,gshaeferb7@vk.com,S-Series
Georgetta Shorto,493-968-0733,gshorto1c@cocolog-nifty.com,911
Gerald Castelain,115-373-3630,gcastelainl2@dedecms.com,98
Gerek Padula,212-139-6415,gpadulamy@so-net.ne.jp,3500
Gerhardt Lob,864-107-1713,globmk@digg.com,3500
Gerianne Lingley,974-148-4336,glingley4z@shop-pro.jp,Town Car
Gerta Jeschner,589-119-0612,gjeschnerkc@discuz.net,Firebird
Giacinta Curds,621-314-1856,gcurds3p@rediff.com,RX-7
Giacobo Gothard,681-205-1790,ggothardk0@bluehost.com,S-Class
Gib Beers,729-123-2357,gbeerskk@php.net,E350
Gilberta Chastenet,310-401-4336,gchastenetpy@unicef.org,Tercel
Gilemette Hulme,197-108-6490,ghulmebo@yolasite.com,F250
Gillian Jebb,901-121-5132,gjebbbr@over-blog.com,430 Scuderia
Ginelle Tallon,967-327-8314,gtallonkb@photobucket.com,Grand Prix
Giorgia Carabet,348-478-8903,gcarabet9c@ft.com,Carrera GT
Giovanni Ricarde,642-694-5621,gricarde3s@bigcartel.com,Yukon XL 2500
Giralda Pritchitt,139-538-5106,gpritchitt8@ask.com,Elantra
Giustino Goburn,587-962-6961,ggoburnga@parallels.com,QX56
Glenna Last,296-655-3180,glast6n@digg.com,190E
Glynis Hefferan,807-270-8475,ghefferandb@tinypic.com,GLK-Class
Godard Slad,849-895-0966,gsladbm@slate.com,Nitro
Goldarina Cundey,878-368-0857,gcundeygv@elegantthemes.com,S60
Gradey Charrett,112-817-1536,gcharrett8u@blogger.com,1500
Grantley Anthes,919-269-9889,ganthes8o@diigo.com,Envoy XL
Gregoire Wellesley,383-282-5140,gwellesleyq4@vkontakte.ru,Freestyle
Gretel Kundt,603-485-0769,gkundtfe@technorati.com,CL
Gretna Blasik,411-671-9144,gblasik6b@canalblog.com,Ranger
Griselda Ephson,252-557-9086,gephsongn@sakura.ne.jp,C30
Grissel Sallings,680-651-2955,gsallingsiz@census.gov,Rabbit
Griz Sapwell,178-529-3016,gsapwell9h@dedecms.com,Solara
Guillermo Beste,856-346-2331,gbesteqd@wordpress.com,Corvette
Guss Acome,881-826-8244,gacome92@irs.gov,A8
Gustav List,607-843-3214,glist73@craigslist.org,XC90
Gusti Bycraft,648-507-2149,gbycraftc@mediafire.com,FJ Cruiser
Guthrie Edelman,904-134-8865,gedelman2v@wired.com,Astro
Gwendolyn Drayton,863-125-3036,gdrayton1@123-reg.co.uk,Legacy
Gwenneth Pauler,736-582-4054,gpauler6r@oakley.com,LTD Crown Victoria
Gwenore Godfery,468-670-7761,ggodfery2k@illinois.edu,Mustang
Gwyn Von Brook,531-282-4929,gvonop@miibeian.gov.cn,Spectra
Had Nowakowski,239-345-6973,hnowakowskich@free.fr,Dakota Club
Halley Hodgin,799-406-9283,hhodgin6x@photobucket.com,Tempo
Halli Pendered,805-188-7132,hpendered6k@shop-pro.jp,Legend
Hamnet Moultrie,858-421-8035,hmoultrief3@latimes.com,Escalade
Harlan Kirkpatrick,143-374-2197,hkirkpatricke8@unblog.fr,3000GT
Harley Baudinot,512-664-7269,hbaudinot4w@alibaba.com,Tucson
Harriet Coger,940-511-8209,hcoger5g@dell.com,DeVille
Harriet Guidini,903-856-2430,hguidinilc@archive.org,Voyager
Harris Covert,158-316-4505,hcovertp@myspace.com,Electra
Harv Pereira,152-878-1441,hpereira7n@dailymotion.com,MPV
Harwell Noyes,542-755-3771,hnoyes63@abc.net.au,Supra
Haywood Kauble,996-913-6340,hkauble0@hexun.com,M-Class
Hayyim Haken,297-971-5404,hhakenqt@cam.ac.uk,F350
Hazlett Sigward,845-754-6315,hsigwardeb@storify.com,Cherokee
Hedi Reyburn,599-699-0926,hreyburn84@nba.com,Cabriolet
Heidie Kemble,170-464-8707,hkembleaj@yandex.ru,CL-Class
Heinrik Ebdin,948-697-3577,hebdinaw@ehow.com,X-Type
Heinrik Jovovic,413-929-4278,hjovovico6@guardian.co.uk,V70
Henderson Maskelyne,425-520-8353,hmaskelynerc@wp.com,Sebring
Hephzibah Pagon,358-966-8094,hpagoneq@wsj.com,Boxster
Herrick Rozier,315-702-5265,hrozierfa@icio.us,3500
Hirsch Kienlein,371-184-3307,hkienlein8p@de.vu,Express 1500
Homer Wilcox,477-397-6617,hwilcoxjg@a8.net,Savana 3500
Horace Ridges,636-976-3764,hridges5x@trellian.com,Continental GT
Horatia MacIlhargy,450-838-3547,hmacilhargy9i@sogou.com,Elantra
Hoyt Camoletto,714-722-7250,hcamoletto75@howstuffworks.com,Eurovan
Hymie Roskilly,825-337-4193,hroskillyqa@trellian.com,Quest
Ian Cragell,966-357-8119,icragellg2@cisco.com,Navigator
Ibrahim Foulds,705-783-2209,ifoulds7x@imgur.com,Avalanche 2500
Ilene Ellins,211-554-6032,iellinsrf@yahoo.co.jp,Grand Prix
Imojean Peacocke,247-461-8056,ipeacockeee@hibu.com,RL
Imojean Pinkard,367-676-7568,ipinkardkz@zimbio.com,RX
Indira Fakeley,156-203-6079,ifakeleyu@privacy.gov.au,88
Inesita Ornillos,414-192-0624,iornillosc2@google.fr,Topaz
Inessa Jerzyk,446-236-5128,ijerzyk2w@alibaba.com,Elantra
Ingelbert Brusin,298-662-2760,ibrusinfd@oracle.com,F430
Ingelbert Orrey,206-455-8561,iorrey7u@cafepress.com,Electra
Inger Studholme,575-255-3442,istudholmerk@sitemeter.com,929
Inigo Frankcomb,920-112-8436,ifrankcombps@globo.com,GTO
Irina Huygen,125-165-8919,ihuygenhr@pagesperso-orange.fr,i-Series
Isaac Quarrie,864-834-7747,iquarrieaq@barnesandnoble.com,3500
Iseabal Blamphin,584-862-5605,iblamphinoh@rakuten.co.jp,Frontier
Iseabal Saphin,375-898-9082,isaphina9@harvard.edu,Optima
Isidro Rainton,665-150-3593,iraintonot@redcross.org,Montero
Isis Gantzman,966-320-2681,igantzmangs@buzzfeed.com,Navigator
Israel Prangnell,291-707-9384,iprangnellrj@delicious.com,F-Series Super Duty
Jacinta Lamprecht,241-387-7628,jlamprecht5e@ovh.net,Sienna
Jackie Keigher,566-466-8161,jkeigheros@elpais.com,S10
Jackquelin Haisell,347-467-4367,jhaisell3y@huffingtonpost.com,Aerostar
Jacqui Lacaze,660-622-8715,jlacazeo2@seattletimes.com,B-Series
Jada Bastick,612-445-8882,jbastick4a@t-online.de,Lynx
Janek Stendall,143-883-3611,jstendall5f@mozilla.org,Range Rover Sport
Janie Tregenza,197-857-7084,jtregenzabs@gov.uk,Electra
Jaquelyn Warrier,619-523-8742,jwarrierph@sciencedaily.com,Bronco
Jaquenette Paolucci,966-363-1383,jpaolucci54@techcrunch.com,Lucerne
Jarid Carnoghan,954-525-3518,jcarnoghandk@odnoklassniki.ru,Grand Caravan
Jasen Pawlata,343-477-0353,jpawlataqv@wsj.com,Bravada
Jayson Moresby,347-193-6521,jmoresbypz@t-online.de,CLK-Class
Jayson Treffrey,523-278-0488,jtreffreylb@weather.com,Z4
Jean Boteman,742-827-0327,jboteman7q@uiuc.edu,Cougar
Jeanette Scothern,799-856-0168,jscothernbk@printfriendly.com,MDX
Jedediah Fleckno,218-431-4984,jfleckno6m@yelp.com,Range Rover
Jemmie Cumo,551-686-5685,jcumopq@dyndns.org,Yukon XL 1500
Jena Dee,849-295-5888,jdeer6@dmoz.org,Pathfinder Armada
Jeramey Stummeyer,246-398-8113,jstummeyerjq@reverbnation.com,Bonneville
Jere Baldwin,981-710-2912,jbaldwinpg@ezinearticles.com,525
Jeromy Rea,487-113-3573,jrea1e@nbcnews.com,Cavalier
Jess Matei,497-482-5114,jmateieo@usa.gov,XG350
Jillene Widdocks,807-969-1832,jwiddocksgb@hp.com,GTI
Jim Attwell,248-552-5657,jattwelle1@youtube.com,Ranger
Jimmy Pruvost,769-955-7793,jpruvost9a@list-manage.com,QX
Joan Thompson,981-466-5023,jthompsonmr@artisteer.com,G37
Joannes Barrell,657-286-9872,jbarrellg6@google.co.uk,Crossfire
Jock Gurry,514-425-5196,jgurrye2@ox.ac.uk,Envoy
Joel Bradford,923-355-2281,jbradfordq@g.co,Durango
Joelynn Pickard,421-597-7527,jpickardn9@naver.com,Ram 2500
Joey Guillerman,603-468-3564,jguillermanio@edublogs.org,Camry
Johnnie Dashkov,679-218-3909,jdashkovav@uol.com.br,Acadia
Joletta Drummond,624-151-6099,jdrummonda0@loc.gov,Ranger
Joline Caudrelier,507-391-2202,jcaudrelier1p@t-online.de,Z4
Jonas Norley,950-280-9181,jnorley1j@fc2.com,Firebird
Jonathon Heaysman,112-379-2203,jheaysmanmn@telegraph.co.uk,Sierra 1500
Jonie Lavender,773-436-5722,jlavendern5@ameblo.jp,Yaris
Jordan Rolles,665-478-9831,jrolles69@apple.com,Defender
Jourdan Hanvey,253-483-3542,jhanveynj@homestead.com,Solstice
Joyan Banting,834-257-8950,jbanting3a@netlog.com,Type 2
Joye Lammas,127-413-1571,jlammasrh@dmoz.org,Dakota Club
Judah Keedy,469-192-8581,jkeedygw@elegantthemes.com,MKT
Judie Purtell,710-139-7615,jpurtellb0@skype.com,Tribeca
Juieta Elph,669-551-7943,jelph5j@ovh.net,C-Class
Jules Leatt,415-594-0168,jleattiq@webs.com,Alpina B7
Julia Tirrey,242-751-4538,jtirreydv@mayoclinic.com,Astro
Juliane Gayforth,620-788-7445,jgayforth7l@friendfeed.com,HS
Julie Errichiello,389-532-5909,jerrichiello46@cam.ac.uk,Raider
Julie Phittiplace,510-477-3302,jphittiplacebq@phpbb.com,Ram 1500
Juline Vickars,855-621-2860,jvickarsip@behance.net,Scirocco
Julius Mitchener,515-306-3410,jmitchenercy@so-net.ne.jp,Lumina
Justino Mein,788-111-4727,jmeind@cafepress.com,Five Hundred
Jyoti Drabble,869-517-0352,jdrabbles@hostgator.com,Boxster
Kacie Mounfield,232-322-8170,kmounfieldhm@weather.com,2500
Kacy Mahomet,521-830-6936,kmahometbn@wisc.edu,CTS
Kahlil Sommers,998-904-5626,ksommersn8@dropbox.com,Windstar
Kaile Gulland,524-928-5699,kgulland2g@hao123.com,Blazer
Kakalina Siebert,435-324-6859,ksiebert10@webnode.com,350Z
Kalle Nibley,425-736-0140,knibleygl@cdbaby.com,Rabbit
Karlan Hitter,956-304-7496,khitter33@ftc.gov,Dakota
Karleen Juorio,735-332-3386,kjuoriogx@constantcontact.com,G25
Karlotta Float,771-551-2050,kfloat9p@amazon.de,Soul
Karola Grasner,619-640-8553,kgrasner2x@hibu.com,Firefly
Karoly Dewdney,403-957-6462,kdewdney1u@economist.com,Venture
Katha Berrisford,601-170-0948,kberrisfordrp@themeforest.net,Envoy
Kathe Norsister,526-127-9709,knorsister20@sogou.com,Thunderbird
Kathie Rocco,261-562-7543,krocco7t@twitpic.com,New Beetle
Katina Nanetti,846-975-8728,knanetti2e@dailymotion.com,Tacoma Xtra
Katy Merrett,909-326-0124,kmerretthj@guardian.co.uk,Escape
Kay Clemitt,533-161-8314,kclemittn7@mediafire.com,911
Kaye Senecaux,781-895-2380,ksenecauxq0@webnode.com,Econoline E350
Kayla Aasaf,620-786-6236,kaasafa6@cloudflare.com,Clubman
Kayla McSweeney,544-980-8916,kmcsweeney35@state.tx.us,QX56
Kayla Minillo,879-966-2465,kminillon0@cisco.com,LaCrosse
Kaylil Aldis,756-317-0261,kaldis2c@engadget.com,Expedition
Keefe Bernardin,265-218-0608,kbernardin3i@comsenz.com,Passat
Keeley Kellert,749-879-9159,kkellertjx@time.com,Montero
Keeley Wordley,101-915-7000,kwordley3z@mapquest.com,Sentra
Keelia Tindle,505-590-6621,ktindlebf@dropbox.com,Grand Marquis
Keen Hastings,936-762-7243,khastings4q@berkeley.edu,960
Keir Shearmer,758-317-9388,kshearmeriy@sourceforge.net,MX-5
Keith Colleford,432-451-6983,kcolleford7r@desdev.cn,Durango
Kellie Dils,989-791-7087,kdilsdd@vkontakte.ru,MKS
Kelsey Jeske,689-293-3176,kjeskee9@dion.ne.jp,RX Hybrid
Kenon Iannazzi,491-638-1184,kiannazzio0@trellian.com,Express 3500
Kermie Jirek,250-878-2060,kjirek9x@soundcloud.com,Legacy
Kerr Barron,194-720-3183,kbarron2m@bravesites.com,Mazdaspeed 3
Kesley Rodnight,395-887-0396,krodnightek@oaic.gov.au,RDX
Kessiah Tebb,500-988-0783,ktebbp9@ocn.ne.jp,Continental
Kimberli Bizzey,448-588-4705,kbizzeyi4@yellowpages.com,Discovery
Kimberli Groneway,214-223-6641,kgronewayiv@indiatimes.com,E-Series
Kimberlyn Spuffard,790-216-1986,kspuffardjj@umn.edu,Cherokee
King Gianuzzi,804-981-6040,kgianuzzipv@answers.com,Verano
Kingsley McCosh,493-928-3922,kmccosh18@plala.or.jp,645
Kingsly Bassilashvili,717-746-9720,kbassilashvili5o@deviantart.com,Altima
Kippar Trank,373-555-5115,ktrankri@twitpic.com,Sebring
Kirby Cana,950-922-7508,kcanapd@dailymotion.com,Express 1500
Kirby Smallbone,336-401-3498,ksmallboneh7@mapquest.com,Savana 2500
Kissee Sickling,240-601-6976,ksickling3x@g.co,GLI
Kori Burnand,276-468-5777,kburnand2l@ebay.com,Tahoe
Kristin Ainslee,912-712-0624,kainsleeim@fotki.com,LR3
Kristoffer Pfaffe,944-585-2120,kpfaffei@comsenz.com,Xtra
Kristyn Corneil,388-861-7880,kcorneilqs@gov.uk,Prius
L;urette O'Halleghane,197-513-2941,lohalleghanek1@spotify.com,Passat
Ladonna Dungate,682-997-1867,ldungatedg@google.de,X3
Lalo Patinkin,408-277-7758,lpatinkinc5@usa.gov,G
Lamont Cisco,632-284-1766,lciscocz@fda.gov,Gallardo
Lana Perillo,613-685-0807,lperillo6v@ask.com,M5
Lanni Manketell,989-175-4032,lmanketell3w@cyberchimps.com,Supra
Lanny Anniwell,102-167-2189,lanniwell6u@deliciousdays.com,Thunderbird
Lars Twinbrow,650-468-6101,ltwinbrowqb@pagesperso-orange.fr,Ipsum
Launce Sawday,702-191-1116,lsawdayhy@china.com.cn,Camry Hybrid
Lauren Killigrew,723-672-2928,lkilligrewr2@harvard.edu,Diamante
Laurena Going,268-420-0992,lgoingl0@geocities.jp,Evora
Laurianne Kislingbury,431-940-4391,lkislingburyqk@thetimes.co.uk,QX
Laurie O'Shiels,280-183-1754,loshielsfj@dell.com,Mustang
Lauritz Loy,750-552-4419,lloy99@nba.com,Monza
Lee Eastop,298-970-6933,leastope5@networksolutions.com,SL-Class
Lee Trahearn,686-535-5372,ltrahearn74@yellowpages.com,Rogue
Leigha Covet,345-103-8538,lcovetmh@squidoo.com,A5
Leigha Croizier,797-770-8072,lcroizierdp@a8.net,Raider
Leilah Goodridge,444-494-2368,lgoodridgeq7@4shared.com,Cabriolet
Leonelle Windridge,239-122-2280,lwindridgemb@ca.gov,Silhouette
Leonerd Smeath,809-151-7817,lsmeathhx@oaic.gov.au,350Z
Leontyne Brakespear,718-422-3985,lbrakespearko@gmpg.org,626
Lesley Hillborne,358-385-9347,lhillbornefz@a8.net,Continental GTC
Levin Challenger,674-802-9475,lchallengerjw@google.pl,TL
Levon Geffinger,885-715-5739,lgeffingerje@hugedomains.com,LeSabre
Lian Aspey,149-330-2840,laspeybj@addtoany.com,Canyon
Lilla Dearlove,378-824-0648,ldearlove39@disqus.com,Altima
Lilly Fripps,305-223-4575,lfripps8d@chron.com,Escalade EXT
Linc Chappelle,572-349-2016,lchappelleg9@harvard.edu,Wrangler
Lionel Drissell,706-445-5932,ldrisselll7@bravesites.com,Z4
Liz Jeffrey,488-153-3159,ljeffreyq3@infoseek.co.jp,4000CS Quattro
Lock Kernar,656-816-0724,lkernarc7@miibeian.gov.cn,Oasis
Lonnie Agg,750-777-6997,laggfi@jimdo.com,Mighty Max Macro
Lonny Cazin,587-543-1704,lcazinrl@homestead.com,NV2500
Loralee Mochan,613-328-2390,lmochanaf@redcross.org,SRX
Lorens Brithman,398-785-5436,lbrithman77@linkedin.com,CTS-V
Loria Mordanti,208-510-7650,lmordantile@gmpg.org,Galant
Lorita Schimaschke,391-727-9730,lschimaschkeax@examiner.com,Park Avenue
Lorraine Spittall,458-766-4780,lspittall5p@free.fr,XC70
Lorry Acomb,497-784-2701,lacombra@ustream.tv,G-Class
Louisette Goodband,828-974-1329,lgoodbandhp@fda.gov,C-Class
Lowell Cattlemull,455-381-9712,lcattlemull26@howstuffworks.com,Santa Fe
Lowell Luckie,799-621-2497,lluckie3o@washington.edu,Cabriolet
Lucine Kornilov,632-648-1631,lkornilov7m@example.com,Elise
Lucita Breston,214-734-2178,lbrestondc@redcross.org,Montero
Lucius Addey,540-425-2874,laddeypt@ehow.com,Esprit
Luella Dadley,180-261-3227,ldadleyll@guardian.co.uk,Accord Crosstour
Luelle Hyne,120-232-3388,lhyne2z@jugem.jp,Charger
Luigi Lavielle,963-178-5798,llavielle7j@home.pl,Cougar
Lurette Dosedale,721-209-2292,ldosedalelw@amazon.de,900
Lusa Barbosa,606-944-0742,lbarbosaod@parallels.com,Range Rover
Lyn Wordington,534-241-4561,lwordingtonfw@usatoday.com,Windstar
Maisey Walsom,209-883-8785,mwalsomdm@csmonitor.com,Quest
Mala Newson,469-411-3714,mnewson8m@marketwatch.com,Viper
Malchy Casterot,284-114-9385,mcasterotgk@fema.gov,Accent
Malina Soar,356-218-0034,msoargf@hubpages.com,A6
Malynda Blampey,395-280-9452,mblampeyc3@diigo.com,Maxima
Manny De Giorgio,230-495-7407,mdel9@fema.gov,M
Marcelline Kleen,469-696-2415,mkleenar@163.com,Continental Mark VII
Marchall McIlveen,346-884-0967,mmcilveen61@java.com,Talon
Marcia Ide,349-893-1776,mide64@yolasite.com,Flex
Marge Extal,246-459-6921,mextalfo@upenn.edu,Paseo
Marget Matieu,794-204-6468,mmatieum@dmoz.org,Montero
Marianna Hallitt,111-682-2230,mhallittr5@ameblo.jp,M
Maridel Geeves,689-566-1005,mgeeves37@joomla.org,S80
Marieann Galletley,554-310-6482,mgalletleyk5@alexa.com,Sonata
Marietta Diperaus,480-469-8882,mdiperausma@jiathis.com,Highlander Hybrid
Marissa Mathiot,475-472-9051,mmathiotnu@wordpress.org,Mazda5
Maritsa Monk,132-817-4674,mmonk3h@woothemes.com,MX-5
Marius Matteau,706-379-2741,mmatteaupj@ameblo.jp,Quattroporte
Marj Steljes,933-721-8370,msteljesgd@dion.ne.jp,Mazda6
Marjorie Blumire,903-417-2788,mblumire83@google.com.hk,F350
Mark Twyford,448-548-5855,mtwyfordea@opensource.org,Passat
Markus Grollmann,744-867-6243,mgrollmann6g@microsoft.com,Corvette
Marlee Bettison,212-784-5914,mbettisonat@google.com.au,Ranger
Marna Pearmine,923-981-9385,mpearminedn@whitehouse.gov,SL-Class
Marni Classen,180-278-6173,mclassenfu@github.io,Grand Prix
Marshal Zucker,356-663-6106,mzuckerdy@qq.com,SM
Marshall Pignon,680-763-0240,mpignon6j@oracle.com,900
Marsiella Craster,998-245-8827,mcraster4o@amazonaws.com,Daewoo Lacetti
Marthena Clynmans,129-628-6959,mclynmanspa@cyberchimps.com,Ram Van 2500
Martin Barrow,855-952-3063,mbarrowo@hp.com,Express
Martino Gradley,724-484-8063,mgradleyn1@cmu.edu,Celica
Marty Toby,333-903-2184,mtoby9y@cam.ac.uk,Cavalier
Martyn Biasini,354-938-6104,mbiasinifg@house.gov,Grand Cherokee
Maryanna Rihanek,758-911-4758,mrihanekq2@about.me,530
Marylin Reinhart,901-190-3452,mreinhartom@fastcompany.com,Cooper
Masha Tottle,325-906-8981,mtottlex@themeforest.net,S10
Mathilda Olenchenko,392-412-6879,molenchenkoh1@cafepress.com,Grand Am
Matthus Hayton,356-287-3755,mhayton5q@princeton.edu,Sable
Maude Boydon,471-642-7588,mboydon2i@ca.gov,TundraMax
Maura Langan,105-413-3572,mlangan80@forbes.com,LeMans
Maura Smorthit,595-316-1955,msmorthitka@ucoz.com,Mazda3
Maureene Collin,903-250-8786,mcollinpb@ibm.com,A6
Maurise Petriello,310-712-1934,mpetriellocw@de.vu,F250
Maurizia Laslett,425-805-6306,mlasletti1@dyndns.org,Ram 1500 Club
Maximilianus Klauber,130-120-1345,mklauberj3@unc.edu,Miata MX-5
Maybelle Georgeson,369-819-3834,mgeorgeson6s@addtoany.com,XJ Series
Maynord Trice,665-221-9296,mtriceep@timesonline.co.uk,E250
Meg Braferton,781-794-3491,mbrafertonj8@deliciousdays.com,Stratus
Melania Boles,484-429-9644,mboles4t@mlb.com,Titan
Melania Withams,176-530-3418,mwithams2t@blogtalkradio.com,Sedona
Melanie Matis,969-166-4631,mmatis58@msn.com,E-Class
Melisent Corson,271-362-6824,mcorson29@cbslocal.com,Supra
Melosa Rafferty,854-439-8471,mrafferty36@tmall.com,xA
Melva Petto,685-842-8578,mpettoay@biblegateway.com,Town Car
Merci Lethby,811-545-6677,mlethbykm@narod.ru,Town Car
Mercie Medlicott,391-610-2935,mmedlicottkt@dailymail.co.uk,Civic
Meriel Rosenwasser,921-644-8539,mrosenwasseraa@ameblo.jp,S5
Merilee Klimes,522-170-2329,mklimes13@sciencedaily.com,Dakota
Merissa Shrimpling,615-896-3482,mshrimplingku@columbia.edu,Explorer
Merla Eeles,909-429-1800,meelesb8@nhs.uk,ES
Merla Hanshawe,822-701-6138,mhanshaweo5@dedecms.com,NX
Merridie Fairpool,770-408-8672,mfairpool5d@domainmarket.com,Nubira
Merry Simcox,941-215-0285,msimcox7f@ibm.com,Santa Fe
Mersey Spinetti,405-270-1147,mspinetti2a@csmonitor.com,X5
Michaela de Guise,878-178-0969,mdeds@nbcnews.com,Insight
Michale Colcomb,111-533-9089,mcolcomb6d@php.net,A4
Micheal Lowde,115-663-4670,mlowde8x@sciencedirect.com,Mighty Max
Micky Le Marquis,871-346-8461,mlece@webeden.co.uk,Swift
Mignonne Duling,192-278-9658,mduling7i@ycombinator.com,Avenger
Milo Espina,360-294-2944,mespinaa3@facebook.com,Mustang
Milzie Shemelt,406-183-4073,mshemelt8b@smh.com.au,Grand Am
Minne Cuskery,552-668-2713,mcuskeryho@scientificamerican.com,760
Miran Bottrill,795-819-2283,mbottrillj0@globo.com,Ram 3500
Miranda Foch,819-580-3231,mfoch1q@nature.com,Accord
Mirilla Ragbourn,722-887-6976,mragbournik@t-online.de,Envoy
Misha Downing,205-709-8664,mdowningib@weibo.com,Bronco
Mitzi Cridlan,642-736-5936,mcridlan1b@infoseek.co.jp,Expedition
Monro Aldwich,642-240-8739,maldwichon@smh.com.au,Avalon
Morey Whelpdale,355-358-3175,mwhelpdalecl@oakley.com,1000
Morganne Hargrove,545-411-8996,mhargrovem8@craigslist.org,MKS
Morissa Gabe,507-456-1067,mgabe2o@etsy.com,F250
Moyra Sidsaff,461-733-6237,msidsaffgq@sbwire.com,Camry
Muhammad Loveless,934-442-3110,mloveless1z@oaic.gov.au,Yukon XL 2500
Muire Despenser,490-712-3531,mdespenser3q@walmart.com,Suburban 1500
Murielle Cluse,780-291-2086,mcluse2h@youku.com,LR3
Myles Radcliffe,487-440-8077,mradcliffefq@oakley.com,S4
Mylo Burland,865-952-2868,mburland4e@vimeo.com,Dakota
Myrlene Van Arsdale,240-767-5882,mvanfy@weebly.com,Pajero
Nadean Oosthout de Vree,528-167-6711,noosthoutgp@loc.gov,Solstice
Nadeen Roden,993-616-6436,nrodenf7@blogs.com,LS
Nance Grestye,474-351-8799,ngrestyebw@pcworld.com,A6
Nanete Giaomozzo,351-603-1121,ngiaomozzoqy@soundcloud.com,Eldorado
Nanette de Najera,265-702-6906,nde5@myspace.com,Explorer
Nanice Aseef,802-888-2090,naseefr4@cisco.com,S10
Nanon Keane,766-847-6004,nkeanek2@stumbleupon.com,Dakota
Nappy Gostick,373-715-5135,ngostick11@webs.com,Z4
Nathaniel Zienkiewicz,150-890-6564,nzienkiewicz4@reddit.com,Grand Prix
Neal Hendrich,476-522-5673,nhendrichhg@squidoo.com,Odyssey
Nealson Rowcliffe,604-337-4949,nrowcliffe1l@technorati.com,Paseo
Nehemiah Epdell,528-103-5413,nepdellmm@surveymonkey.com,300D
Nelia Mark,857-520-4365,nmark3n@sohu.com,Continental Mark VII
Nelie Scotchforth,817-532-8645,nscotchforthif@cpanel.net,Scoupe
Nero Menichini,763-119-1207,nmenichiniq8@php.net,Murano
Nerte Bynold,924-554-1140,nbynold8g@independent.co.uk,Cooper
Nevin O' Sullivan,561-770-2557,noa4@issuu.com,Ram 1500
Nevins Blamey,995-354-0314,nblameyab@google.es,Bronco
Newton Coucher,267-566-9256,ncoucher5c@photobucket.com,S40
Nichole Le Port,112-656-8808,nle5y@washingtonpost.com,Savana 3500
Nickolai Eldrett,824-998-5725,neldrettqm@bloglines.com,Prizm
Niels Prisley,713-727-9854,nprisley5k@noaa.gov,Grand Vitara
Nikaniki Winters,464-110-2123,nwintersec@yellowbook.com,Sorento
Niko Morrel,797-408-1131,nmorrelr1@naver.com,XC60
Nikos Deveral,731-880-7010,ndeveralf0@huffingtonpost.com,Monte Carlo
Ninette Duffil,643-854-7626,nduffilm6@umn.edu,X-Type
Nissy Druhan,126-984-6482,ndruhandq@webs.com,Navigator L
Nobie Bucknell,110-371-9692,nbucknellmj@usatoday.com,5-Sep
Noella Allsup,382-345-3946,nallsup9g@blogspot.com,CX-7
Nomi Toor,400-537-2446,ntoorjv@merriam-webster.com,Dakota Club
Nona Yurlov,625-694-8101,nyurlov5u@boston.com,S4
Norah Georgescu,214-477-6630,ngeorgescuny@theatlantic.com,I
Noreen Ribbens,179-462-3820,nribbensnb@spotify.com,S80
Norina Fidoe,950-955-8847,nfidoeam@yahoo.co.jp,B-Series
Norma Pawellek,230-676-9694,npawellekor@purevolume.com,CX-7
Odelia Stannis,419-855-9447,ostannisa@google.cn,Grand Voyager
Olivier Micheu,310-550-5378,omicheuoq@pen.io,W123
Omar Tumbelty,462-240-4604,otumbeltybh@taobao.com,G-Class
Onofredo Slayny,822-693-1574,oslaynydo@weebly.com,Galant
Ophelia Maddra,739-600-8071,omaddrala@senate.gov,Grand Caravan
Ophelia Sherebrooke,687-296-8799,osherebrookebc@creativecommons.org,Verano
Othilia Beaufoy,409-497-5343,obeaufoylo@deliciousdays.com,Ridgeline
Ozzy Corington,922-480-8311,ocorington4x@ning.com,900
Paddy Meads,213-306-0545,pmeadscv@ehow.com,Econoline E350
Paolo Broy,676-210-9265,pbroy81@so-net.ne.jp,Prelude
Parry De Biasio,683-676-3654,pde22@artisteer.com,Miata MX-5
Patricio Foxwell,290-362-3410,pfoxwelli6@vk.com,R-Class
Peggi Espino,122-468-0333,pespinoou@usatoday.com,3-Sep
Pen Lapthorn,736-616-0884,plapthornfl@discovery.com,Ram 1500
Penrod Gayter,820-602-3865,pgayterco@prweb.com,Caravan
Pepillo Moors,274-715-8253,pmoors7k@illinois.edu,Titan
Pepito Wellum,469-337-6651,pwellum7y@goo.gl,X-Type
Perceval Penddreth,873-974-5470,ppenddrethfv@japanpost.jp,S8
Peria Capel,718-687-1861,pcapel70@cbc.ca,Pajero
Perri Blackall,147-558-9352,pblackallob@craigslist.org,Scoupe
Petrina Sansam,962-584-3362,psansamkl@ebay.co.uk,A4
Phaedra Harriman,707-973-1845,pharrimaniw@guardian.co.uk,Silverado 2500
Philip Killcross,656-490-9625,pkillcrossdh@google.cn,SLK-Class
Phillipe Swine,221-378-3982,pswinepk@de.vu,S10
Philly Feake,573-547-4287,pfeakegm@cdc.gov,M-Class
Phineas Munro,299-704-6112,pmunrocx@google.de,SL-Class
Pierson Sinderland,745-460-7733,psinderlandok@imageshack.us,RAV4
Piotr Langham,319-839-1662,plangham5r@npr.org,Rocky
Prue Manterfield,151-510-8748,pmanterfieldff@hud.gov,Thunderbird
Purcell Polgreen,748-922-0926,ppolgreen40@usnews.com,Diamante
Quentin Greenshields,269-394-6851,qgreenshieldsm4@msn.com,Reatta
Quinton Snellman,889-172-5593,qsnellmand9@go.com,Accord
Rabi McElhinney,578-114-7133,rmcelhinneyme@google.co.jp,Town Car
Rachel Keppe,826-668-5322,rkeppepf@wikimedia.org,Mystique
Radcliffe Benck,321-301-2714,rbenck4n@nifty.com,911
Raddie Moohan,605-532-4305,rmoohandi@cnn.com,LaCrosse
Raeann Perceval,114-862-0390,rpercevalmz@wordpress.com,3000GT
Raf Coomes,676-255-3909,rcoomes8y@flickr.com,LS
Rafaellle Simonds,117-330-5599,rsimondsf@oaic.gov.au,Golf
Rafi Grigoriscu,363-977-3769,rgrigoriscuhw@i2i.jp,Grand Prix
Raimundo Syrie,170-125-0035,rsyrie6c@cbsnews.com,Mark VIII
Raine Spafford,310-948-5444,rspaffordlz@linkedin.com,Sterling
Randene Porritt,910-106-6048,rporrittcn@abc.net.au,LR4
Randie Lathee,879-235-6247,rlatheejb@hatena.ne.jp,X5
Rasla MacShane,586-971-6318,rmacshane2f@nhs.uk,Viper
Raviv Ramsier,318-804-6476,rramsierkx@mail.ru,B-Series
Rea Bradder,824-422-6796,rbradderj2@arizona.edu,Expedition
Rebekkah McCunn,725-237-4082,rmccunn5t@dot.gov,Cavalier
Regan Lyst,696-532-7230,rlystis@europa.eu,Santa Fe
Reggie Stemson,652-622-3416,rstemson59@army.mil,2500
Regina Clohessy,827-183-5604,rclohessy8h@bloglines.com,CR-V
Reginauld Fodden,460-775-8252,rfoddenbx@php.net,NSX
Reiko Tesdale,778-753-9513,rtesdalepr@fema.gov,A8
Reinwald Hachard,428-348-3359,rhachardoa@soup.io,Avanti
Remus Bloxholm,785-250-4106,rbloxholmgu@youtu.be,Equinox
Renado Urquhart,465-902-6678,rurquhartr8@fema.gov,G-Series 1500
Renae Mugford,804-972-6724,rmugfordag@gov.uk,Wrangler
Renato Dreier,427-672-5552,rdreier7g@artisteer.com,C70
Renato Gonthier,876-464-2290,rgonthierki@ed.gov,Town Car
Renato Heam,262-329-4977,rheamf9@deliciousdays.com,CR-V
Reynold Dallas,340-547-8466,rdallasht@dyndns.org,Murciélago LP640
Rhetta Habberjam,496-631-6787,rhabberjamj7@example.com,Concorde
Rich Bayliss,617-973-6117,rbaylisshf@latimes.com,Malibu
Richardo Kettlestringes,442-257-8380,rkettlestringesdx@princeton.edu,IS
Richart Drever,493-549-6141,rdrever8l@g.co,Charger
Roana Martinson,941-372-9377,rmartinson96@icio.us,MR2
Rob Bomb,756-295-8396,rbombgy@liveinternet.ru,XC60
Robbie Tremmil,202-333-8129,rtremmill4@noaa.gov,Town Car
Robena Zuanazzi,240-669-3176,rzuanazzi8e@ftc.gov,3500
Robina Bygott,521-531-6095,rbygott2n@livejournal.com,Accent
Robinet Mathelon,922-249-7911,rmathelondr@macromedia.com,Windstar
Robinet Scarsbrook,301-451-0363,rscarsbrooknz@multiply.com,Grand Caravan
Roby Allinson,325-164-7081,rallinsond6@webnode.com,CR-X
Rochelle Chuck,811-275-6566,rchuckhc@japanpost.jp,Cabriolet
Rodolph Mowsdill,287-654-6325,rmowsdillqh@ow.ly,Carrera GT
Rollie Dundin,594-607-8791,rdundines@gmpg.org,Blazer
Rollins Olligan,741-287-6329,rolliganhn@uiuc.edu,Savana 3500
Rollins Sheirlaw,296-131-5670,rsheirlawp4@msu.edu,Chariot
Ronni Filyushkin,807-720-3466,rfilyushkinfr@slideshare.net,Windstar
Ronnica Vivian,318-539-4782,rvivianpi@businessinsider.com,Eclipse
Rosabel Paxforde,690-483-4814,rpaxfordemw@ucla.edu,Endeavor
Rosanna Roulston,342-941-7057,rroulstonbd@prnewswire.com,New Beetle
Roseanne Ioan,342-181-1785,rioan6f@sun.com,Caravan
Rosella Macauley,722-311-5388,rmacauley3d@home.pl,3500 Club Coupe
Rosemaria Coolican,492-418-7411,rcoolicanja@dmoz.org,Magnum
Rosemaria O'Mohun,956-117-7022,romohun52@wordpress.com,Prius
Rosemaria Whisby,323-157-6403,rwhisbylr@hubpages.com,Escalade ESV
Roslyn Gamwell,258-583-8661,rgamwellnx@forbes.com,Forester
Rosmunda Hamberston,157-359-4492,rhamberstonjn@dmoz.org,C-Class
Rossy Hancox,900-607-5571,rhancoxo7@npr.org,Tempo
Rowan Yerson,152-313-0342,ryerson7e@csmonitor.com,Escalade EXT
Rozamond McCerery,385-336-9025,rmccereryg5@about.me,Savana 1500
Roze Richin,722-436-8916,rrichinhi@hc360.com,DTS
Rubin Pringley,288-773-6240,rpringleyof@so-net.ne.jp,Camry
Rudolfo Forsdike,642-631-9990,rforsdike49@bluehost.com,GX
Rupert Borlease,696-300-2872,rborleasemc@sphinn.com,V50
Rurik Richarz,686-508-9793,rricharzgz@prnewswire.com,Supra
Ryan Rabl,773-987-1744,rrablnn@wordpress.org,8 Series
Saba Grayer,676-201-3885,sgrayerb4@theglobeandmail.com,Eurovan
Saidee Park,655-965-3298,sparkc9@kickstarter.com,2500
Salomone Alaway,745-384-7536,salawayj1@msn.com,CR-V
Salvatore Tidball,928-241-7545,stidballa7@dion.ne.jp,Silhouette
Samaria Sygroves,292-120-5390,ssygroveslf@cnbc.com,Matrix
Samson Outerbridge,309-188-7407,souterbridgeig@foxnews.com,Paseo
Samuel Wasmuth,909-361-6809,swasmuthhz@msn.com,Electra
Sandor Kingsland,875-274-2326,skingslandk6@imageshack.us,HS
Sandye Seneschal,820-293-7933,sseneschaley@who.int,E-Class
Sanson Ianinotti,850-976-7156,sianinotti7c@miibeian.gov.cn,S-Class
Sapphire Merali,214-646-3792,smeralihs@ft.com,Prius
Sargent Ferminger,106-851-5767,sfermingerbb@utexas.edu,Century
Sasha Sherwill,342-665-9870,ssherwill3u@de.vu,Sable
Scarface Guirau,785-861-0042,sguiraukw@noaa.gov,Grand Cherokee
Selby McColgan,518-618-0764,smccolganpo@devhub.com,Ram 50
Selina Birdsey,483-788-6401,sbirdsey9b@livejournal.com,Suburban 2500
Selma Subhan,390-730-6235,ssubhan24@vinaora.com,F450
Serena Dodds,389-391-7422,sdodds1v@icq.com,Mirage
Seward Laffoley-Lane,228-540-6292,slaffoleylane5w@cbsnews.com,Econoline E150
Shadow Allbut,528-479-0136,sallbut4v@ow.ly,Mustang
Shalna Firmin,407-105-2421,sfirminnt@youtube.com,LeSabre
Shanda Rosencwaig,497-810-5284,srosencwaig1s@google.ca,Escalade EXT
Shantee Richfield,918-357-5131,srichfieldct@mashable.com,Prius
Shea Bossel,273-937-1712,sbosselcb@go.com,Cougar
Sheelagh Antonioni,792-948-8394,santonioniel@huffingtonpost.com,G35
Sheena Droogan,730-492-9535,sdroogan5l@uol.com.br,W126
Sheff Cattini,936-166-9524,scattinipw@jimdo.com,Ram
Sheila Trethewey,605-679-4420,stretheweyr@hatena.ne.jp,Mazdaspeed6
Sheila-kathryn Blazy,359-775-6111,sblazyan@typepad.com,Challenger
Shela Poser,168-473-8013,sposerkn@tamu.edu,Aviator
Sheree Arnout,503-731-6475,sarnoutlj@amazon.de,Mini Cooper
Sherri Goude,716-916-4107,sgoudejm@reference.com,Odyssey
Sholom Georger,933-278-1184,sgeorger9@parallels.com,Mirage
Sholom Kelleway,806-584-3113,skellewayb1@paypal.com,Imperial
Sibeal Seekings,587-532-2963,sseekingsql@quantcast.com,Tacoma
Sibelle Assur,783-364-0646,sassurcg@ed.gov,Laser
Sibylle Holley,305-736-8903,sholley50@epa.gov,Prelude
Sidoney Kornas,835-911-4694,skornas41@msu.edu,TSX
Sigismond Samarth,112-114-3366,ssamarthby@unesco.org,Passport
Silvan Isselee,391-627-1399,sisseleew@ft.com,TT
Silvan O'Kieran,111-725-2465,sokieranih@ifeng.com,Legacy
Sim Elflain,451-478-9699,selflainnh@livejournal.com,Montero Sport
Simon Storie,646-114-9445,sstorie2b@blog.com,MX-5
Siobhan Jelks,753-494-4711,sjelks7z@networkadvertising.org,Topaz
Skye Tonry,605-242-3274,stonryy@home.pl,RX-8
Skyler Henriques,760-896-9262,shenriquesqp@fc2.com,Lancer Evolution
Skyler Rathke,573-958-1330,srathkefn@slate.com,626
Stacee Bourcq,803-587-7596,sbourcqqi@squidoo.com,Stratus
Stacee Murphey,744-722-7514,smurphey78@wikia.com,Lancer Evolution
Stacey Mcwhinnie,375-782-0799,smcwhinnie98@sfgate.com,Navigator L
Stacie St Clair,401-893-8552,sstn6@hexun.com,LTD Crown Victoria
Stafani Gullifant,909-997-3675,sgullifantie@amazon.de,Veyron
Staffard Breissan,506-458-3764,sbreissanf6@webnode.com,Montero
Stanislas Robelin,231-989-9508,srobelingi@meetup.com,Virage
Stanislaw Gounod,120-842-0312,sgounodog@bizjournals.com,911
Starlin Villar,657-970-2390,svillar7d@imgur.com,VS Commodore
Stefania Searles,636-590-2929,ssearlesh0@intel.com,Avalon
Stefano Le Sarr,860-322-4715,sle1m@cbc.ca,Odyssey
Stepha Raoul,752-206-7410,sraoulji@icio.us,164
Stephannie Klazenga,360-597-0615,sklazengag@surveymonkey.com,Mazda6
Stesha Grenfell,226-130-3173,sgrenfell5n@cnn.com,Thunderbird
Stormy Baytrop,843-193-3252,sbaytroph@ow.ly,350Z
Sukey Hawker,316-169-5844,shawker1k@epa.gov,911
Suki Bruce,131-584-4153,sbruceiu@statcounter.com,MKZ
Sunshine Absolem,283-785-5241,sabsolemqq@e-recht24.de,Mustang
Susann Butterfield,691-764-2821,sbutterfieldj6@purevolume.com,Lancer
Sutton Sawdy,983-779-3911,ssawdyhq@symantec.com,929
Sydel Shortt,296-725-9089,sshorttbl@geocities.com,Sebring
Syman Tewelson,821-748-5073,stewelsoncd@rediff.com,Concorde
Tabbatha Tweddell,442-721-6579,ttweddell68@amazon.co.jp,Santa Fe
Tabby Benes,156-101-0625,tbenes6o@prnewswire.com,Laser
Tabby Rickson,784-859-3887,trickson87@jimdo.com,Talon
Taddeusz Michin,458-345-4888,tmichinhe@squidoo.com,Biturbo
Taffy Hallas,432-808-7738,thallasa1@mlb.com,Impala
Talbert O'Regan,163-532-3454,toregan9u@sohu.com,LeMans
Tam Burt,998-431-4582,tburtm9@desdev.cn,Camry
Tami Dishman,598-319-5299,tdishman23@fastcompany.com,Eurovan
Tan MacConneely,540-457-6890,tmacconneely3m@netscape.com,Ciera
Tandi Cowp,443-246-2826,tcowpev@cyberchimps.com,Forester
Tani Endersby,804-611-1112,tendersbyox@jigsy.com,Eclipse
Tedda Reith,505-547-3019,treithac@cbc.ca,SVX
Teresa Reichardt,642-832-2160,treichardtgr@addthis.com,Element
Teriann Kiley,936-615-3357,tkileyfs@godaddy.com,Acadia
Thane Burney,191-569-6260,tburney88@house.gov,Jimmy
Thane Butlin,523-288-7346,tbutlinjz@shinystat.com,G-Series G10
Thea Renachowski,628-516-3434,trenachowskie0@pen.io,L-Series
Thibaud Wincott,931-268-7798,twincott32@who.int,Accent
Thomasa Grew,213-412-5814,tgrew3l@sfgate.com,Skylark
Thorpe Jenkin,686-691-4936,tjenkin4j@latimes.com,Spyder
Thurstan Huddlestone,749-950-7242,thuddlestone7@google.it,Sprinter 2500
Tiena Shelmardine,388-553-2953,tshelmardine2q@nationalgeographic.com,Camaro
Tiff Lansberry,542-373-1031,tlansberryp2@dailymotion.com,300M
Tiffi Battye,719-504-0486,tbattyea2@cafepress.com,Miata MX-5
Tildi Small,242-440-5088,tsmallkp@mysql.com,600SL
Timofei Surmeyers,813-798-1503,tsurmeyers9f@surveymonkey.com,525
Tiphanie Mulgrew,377-856-9864,tmulgrewnw@ameblo.jp,Sierra 2500
Tito Weddeburn - Scrimgeour,517-175-7491,tweddeburnas@merriam-webster.com,Truck
Tomlin Alldritt,592-311-1680,talldritt8i@google.it,M
Tonya Flintiff,427-701-2732,tflintifff4@reverbnation.com,Prizm
Torrie Luttger,918-589-9217,tluttger4p@opera.com,Ranger
Tressa Jumonet,441-397-7755,tjumonet3e@toplist.cz,Ram
Trev Heskins,641-548-3033,theskinso3@mashable.com,GS
Tristam Barlee,528-119-1975,tbarleeai@yale.edu,TL
Trudy Shane,628-863-0632,tshane7o@facebook.com,Legacy
Trula Huggons,876-140-1969,thuggons7a@about.com,Impala
Trumann Floyd,360-274-9580,tfloyda8@mtv.com,Diamante
Tuck Pedgrift,177-993-6823,tpedgriftfb@wix.com,G
Tyson Torns,445-413-8533,ttorns89@cam.ac.uk,Maxima
Una Alenichev,901-594-0397,ualenichevae@desdev.cn,Camry
Upton Waiton,892-928-2480,uwaiton1g@who.int,Odyssey
Uriah Sedgemore,841-109-4819,usedgemoreqz@fema.gov,Taurus X
Ursula Stonehewer,348-900-3595,ustonehewer15@jimdo.com,B-Series
Uta Archbold,246-135-3895,uarchbold3b@jimdo.com,626
Valeda O'Sesnane,183-975-2278,vosesnaneb2@nps.gov,Touareg
Valencia Bednall,273-636-9913,vbednallcp@mashable.com,LTD Crown Victoria
Valene Higginbottam,510-692-2160,vhigginbottamgt@walmart.com,Accent
Valentijn Connerry,651-563-0694,vconnerryjk@soundcloud.com,G37
Valentijn Peaker,480-906-2194,vpeakerer@house.gov,Altima
Van Oldford,264-773-6092,voldford8v@opera.com,HS
Vanya Bartolomeo,507-620-4034,vbartolomeon3@slideshare.net,300
Vaughn Tarborn,837-591-1061,vtarborn3t@home.pl,Wrangler
Venus Soot,645-831-9464,vsootcj@twitpic.com,Econoline E250
Verne Davys,332-802-4029,vdavys7h@hatena.ne.jp,M3
Vilma Jersch,791-756-9747,vjerschnq@netvibes.com,LS
Vina Heasman,817-689-1533,vheasmannk@telegraph.co.uk,Jetta
Vina Portingale,929-308-2914,vportingaleoy@squarespace.com,Civic
Virginie Riddall,506-749-4178,vriddallmu@spiegel.de,X5
Vivi Pownall,620-227-2387,vpownallq5@hp.com,Ram
Vladimir Merton,912-900-7311,vmertonju@elegantthemes.com,Town Car
Wain Trayes,293-113-4990,wtrayescq@timesonline.co.uk,Expedition
Wait Haselgrove,417-219-2027,whaselgroveh5@smh.com.au,Laser
Warde Sherrett,332-181-0982,wsherrett1a@e-recht24.de,IS F
Ware Halpeine,688-345-5966,whalpeineh8@sfgate.com,xB
Warner Laweles,191-285-0830,wlaweles2r@arstechnica.com,Express 1500
Way Venditto,648-699-3988,wvendittoly@imdb.com,Yukon XL 1500
Wayne Andreacci,629-514-3518,wandreaccils@quantcast.com,Cherokee
Webster Nolan,759-231-1379,wnolankh@ftc.gov,GTO
Welch Lumbley,648-721-9881,wlumbleyhh@cisco.com,760
Wes Callow,380-510-9796,wcallowp8@surveymonkey.com,Biturbo
Whitman Cota,198-217-3299,wcota2d@hao123.com,Sierra 1500
Wiley Cloney,833-431-7260,wcloney45@over-blog.com,S10
Wiley Croft,434-842-6672,wcroftft@irs.gov,Aero 8
Wilhelmine Jados,820-704-8406,wjados34@360.cn,LeSabre
Willabella McCrystal,426-468-0697,wmccrystal1x@lycos.com,E150
Willdon Nys,783-256-5465,wnysna@amazon.co.uk,Tucson
Willdon Panton,517-150-6988,wpantonfx@1und1.de,Versa
Willi Huchot,768-976-2482,whuchotnf@umich.edu,Allroad
Winfred Risson,660-861-0630,wrisson7s@flavors.me,Discovery
Woody Stallion,150-223-7734,wstallionnr@google.nl,Esprit
Wyatan Romi,531-487-8500,wromikd@gravatar.com,ES
Wyatt Roumier,133-693-9461,wroumier4i@ask.com,Canyon
Wynnie Kerman,253-812-1094,wkermanh2@51.la,Caprice
Ximenes Kovelmann,611-387-5123,xkovelmannmi@last.fm,LS
Yancey Blackwood,294-427-3709,yblackwoodak@opensource.org,Wrangler
Yetty O'Scollain,576-837-9730,yoscollainem@themeforest.net,Avalanche 1500
Ysabel Rewan,539-599-8707,yrewan6i@marriott.com,Suburban 2500
Zacharie Livingstone,585-430-1234,zlivingstonel@ning.com,3500
Zacherie Dono,262-564-3800,zdonojf@comcast.net,IS-F
Zara Butterly,343-947-3663,zbutterly44@microsoft.com,XLR
Zared Thirst,428-663-2255,zthirst6@dailymail.co.uk,G5
Zeb Easlea,493-381-1945,zeaslea1f@youtube.com,Galant
Zechariah Faulder,296-895-6727,zfaulderln@eepurl.com,Dakota
Zenia McKeeman,886-602-6266,zmckeemangj@goodreads.com,Millenia
Zita Saffen,940-208-9349,zsaffenks@w3.org,Corvette
